mutant,iptm_alde1,ptm_alde1,ranking_score_alde1,fraction_disordered_alde1,has_clash_alde1,iptm_scoop12,ptm_scoop12,ranking_score_scoop12,fraction_disordered_scoop12,has_clash_scoop12,fitness
D61F_I321D,0.89,0.89,0.91,0.04,0.0,0.51,0.89,0.61,0.05,0.0,0.38
E201G_N302E,0.85,0.89,0.88,0.04,0.0,0.57,0.9,0.66,0.05,0.0,0.28
F181E_N302F,0.67,0.89,0.74,0.04,0.0,0.54,0.89,0.64,0.05,0.0,0.13
F181I_N302E,0.74,0.89,0.79,0.04,0.0,0.5,0.89,0.6,0.05,0.0,0.24
I110D_N302F,0.92,0.89,0.94,0.04,0.0,0.6,0.89,0.68,0.04,0.0,0.32000000000000006
I321E_E326F,0.86,0.89,0.88,0.04,0.0,0.5,0.89,0.6,0.05,0.0,0.36
L273E_N302L,0.89,0.89,0.91,0.05,0.0,0.56,0.89,0.65,0.05,0.0,0.32999999999999996
L273G_N302L,0.91,0.88,0.92,0.04,0.0,0.57,0.89,0.65,0.04,0.0,0.3400000000000001
N302D_E326C,0.9,0.88,0.92,0.04,0.0,0.58,0.88,0.67,0.05,0.0,0.32000000000000006
N302E_E326G,0.89,0.89,0.91,0.05,0.0,0.52,0.89,0.62,0.05,0.0,0.37
N302F_I321D,0.93,0.89,0.94,0.05,0.0,0.55,0.89,0.64,0.05,0.0,0.38
Q278C_N302D,0.91,0.9,0.93,0.04,0.0,0.51,0.89,0.61,0.05,0.0,0.4
Q278D_N302Q,0.88,0.89,0.9,0.05,0.0,0.5,0.89,0.6,0.05,0.0,0.38
Q278E_N302D,0.88,0.9,0.91,0.04,0.0,0.56,0.89,0.65,0.04,0.0,0.31999999999999995
Q278E_N302H,0.88,0.89,0.91,0.04,0.0,0.52,0.89,0.62,0.05,0.0,0.36
Q278F_I321H,0.92,0.9,0.93,0.04,0.0,0.6,0.89,0.68,0.05,0.0,0.32000000000000006
Q278F_I321M,0.9,0.9,0.92,0.05,0.0,0.52,0.89,0.62,0.05,0.0,0.38
Q278F_I321Q,0.89,0.89,0.91,0.04,0.0,0.54,0.89,0.64,0.05,0.0,0.35
Q278H_I321F,0.93,0.9,0.95,0.04,0.0,0.5,0.89,0.6,0.05,0.0,0.43000000000000005
Q278M_N302D,0.91,0.89,0.93,0.04,0.0,0.6,0.89,0.68,0.05,0.0,0.31000000000000005
